Sensor_id,Description
429,LOS_C/ICD(LOS_C/ICD Dnl):airbox_high_warning
430,LOS_C/ICD(LOS_C/ICD Dnl):airbox_press_low
431,LOS_C/ICD(LOS_C/ICD Dnl):airbox_press_high
432,LOS_C/ICD(LOS_C/ICD Dnl):airbox_temp_high
436,LOS_C/ICD(LOS_C/ICD Dnl):is_eng_alternative_air_inlet_fai
437,LOS_C/ICD(LOS_C/ICD Dnl):is_eng_alternative_air_inlet_sts
773,LOS_C/ICD(LOS_C/ICD Dnl):cont_lol_fail_airb_prs_high
774,LOS_C/ICD(LOS_C/ICD Dnl):cont_lol_fail_airb_tmp_high
1562,LOS_C/ICD(LOS_C/ICD Dnl):is_eng_manifold_air_temp_high_fa
1563,LOS_C/ICD(LOS_C/ICD Dnl):is_eng_manifold_air_temp_low_fai
2046,LOS_C/ICD(LOS_C/ICD Dnl):sec_uav_airbox_high_warning
3301,LOS_C/ICD(LOS_C/ICD Dnl):sec_uav_air_out_temp
3302,LOS_C/ICD(LOS_C/ICD Dnl):ls_air_stream
3303,LOS_C/ICD(LOS_C/ICD Dnl):sec_uav_airbox_press_rpt
3304,LOS_C/ICD(LOS_C/ICD Dnl):sec_uav_airbox_temp_rpt
3305,LOS_C/ICD(LOS_C/ICD Dnl):airbox_press_rpt
3306,LOS_C/ICD(LOS_C/ICD Dnl):airbox_temp_rpt
3426,LOS_C/ICD(LOS_C/ICD Dnl):air_in_temp
3685,LOS_C/ICD(LOS_C/ICD Dnl):air_out_temp
3756,LOS_C/ICD(LOS_C/ICD Dnl):is_eng_manifold_air_press_rpt
3757,LOS_C/ICD(LOS_C/ICD Dnl):is_eng_manifold_air_temp_rpt
3766,LOS_C/ICD(LOS_C/ICD Dnl):min_airspeed_rpt
3920,LOS_C/ICD(LOS_C/ICD Dnl):sat_air_ant_azimuth_rpt
3922,LOS_C/ICD(LOS_C/ICD Dnl):sat_air_ant_elevation_rpt
4055,LOS_C/ICD(LOS_C/ICD Dnl):true_airspeed_rpt
4660,LOS_C/ICD(LOS_C/ICD Dnl):airbox_high_warning
4661,LOS_C/ICD(LOS_C/ICD Dnl):airbox_press_low
4662,LOS_C/ICD(LOS_C/ICD Dnl):airbox_press_high
4663,LOS_C/ICD(LOS_C/ICD Dnl):airbox_temp_high
4668,LOS_C/ICD(LOS_C/ICD Dnl):is_eng_alternative_air_inlet_fai
4669,LOS_C/ICD(LOS_C/ICD Dnl):is_eng_alternative_air_inlet_sts
4996,LOS_C/ICD(LOS_C/ICD Dnl):cont_lol_fail_airb_prs_high
4997,LOS_C/ICD(LOS_C/ICD Dnl):cont_lol_fail_airb_tmp_high
5772,LOS_C/ICD(LOS_C/ICD Dnl):is_eng_manifold_air_temp_high_fa
5773,LOS_C/ICD(LOS_C/ICD Dnl):is_eng_manifold_air_temp_low_fai
6237,LOS_C/ICD(LOS_C/ICD Dnl):sec_uav_airbox_high_warning
20459,DNL_SEL/DNLSEL22(LOS_C/ICD Dnl):airbox_press_rpt
527,LOS_C/ICD(LOS_C/ICD Dnl):avc1_eng_cut1_wrap_fail
528,LOS_C/ICD(LOS_C/ICD Dnl):avc1_eng_cut2_wrap_fail
542,LOS_C/ICD(LOS_C/ICD Dnl):avc1_eng_start_wrap_fail
565,LOS_C/ICD(LOS_C/ICD Dnl):avc2_eng_cut1_wrap_fail
566,LOS_C/ICD(LOS_C/ICD Dnl):avc2_eng_cut2_wrap_fail
580,LOS_C/ICD(LOS_C/ICD Dnl):avc2_eng_start_wrap_fail
612,LOS_C/ICD(LOS_C/ICD Dnl):is_eng_boost_press_high_fail
613,LOS_C/ICD(LOS_C/ICD Dnl):is_eng_boost_press_low_fail
739,LOS_C/ICD(LOS_C/ICD Dnl):cont_lol_fail_eng_cut_1
740,LOS_C/ICD(LOS_C/ICD Dnl):cont_lol_fail_eng_cut_2
775,LOS_C/ICD(LOS_C/ICD Dnl):cont_lol_fail_eng_stopped
783,LOS_C/ICD(LOS_C/ICD Dnl):is_eng_coolant_temp_high_fail
784,LOS_C/ICD(LOS_C/ICD Dnl):is_eng_coolant_temp_low_fail
785,LOS_C/ICD(LOS_C/ICD Dnl):is_eng_coolant_sensor_fail
798,LOS_C/ICD(LOS_C/ICD Dnl):is_eng_ecu1_fcc1_comm_fail
799,LOS_C/ICD(LOS_C/ICD Dnl):is_eng_ecu1_fcc2_comm_fail
800,LOS_C/ICD(LOS_C/ICD Dnl):is_eng_ecu2_fcc1_comm_fail
801,LOS_C/ICD(LOS_C/ICD Dnl):is_eng_ecu2_fcc2_comm_fail
914,LOS_C/ICD(LOS_C/ICD Dnl):dnl_f_eng_turbocharge_fail
915,LOS_C/ICD(LOS_C/ICD Dnl):dnl_f_eng_wastegate_fail
916,LOS_C/ICD(LOS_C/ICD Dnl):dnl_f_eng_pla_fail
917,LOS_C/ICD(LOS_C/ICD Dnl):dnl_f_eng_shutdown_fail
918,LOS_C/ICD(LOS_C/ICD Dnl):dnl_f_eng_major_fail
919,LOS_C/ICD(LOS_C/ICD Dnl):dnl_f_eng_minor_fail
920,LOS_C/ICD(LOS_C/ICD Dnl):dnl_f_eng_loss_of_thrust_fail
921,LOS_C/ICD(LOS_C/ICD Dnl):dnl_f_eng_minor_loss_of_thrust
956,LOS_C/ICD(LOS_C/ICD Dnl):is_eng_ecu1_arbit_test_fail
957,LOS_C/ICD(LOS_C/ICD Dnl):is_eng_ecu2_arbit_test_fail
977,LOS_C/ICD(LOS_C/ICD Dnl):is_eng_egt_high_fail
979,LOS_C/ICD(LOS_C/ICD Dnl):is_eng_egt_low_fail
981,LOS_C/ICD(LOS_C/ICD Dnl):is_eng_egt_split_fail
1005,LOS_C/ICD(LOS_C/ICD Dnl):sr21_uav_eng_type
1006,LOS_C/ICD(LOS_C/ICD Dnl):sec_uav_eng_critic_caution_fail
1108,LOS_C/ICD(LOS_C/ICD Dnl):is_eng_fcc1_ch1_device_status_fa
1109,LOS_C/ICD(LOS_C/ICD Dnl):is_eng_fcc1_ch1_engine_status_fa
1110,LOS_C/ICD(LOS_C/ICD Dnl):is_eng_fcc1_ch1_ecc_register_fai
1111,LOS_C/ICD(LOS_C/ICD Dnl):is_eng_fcc1_ch1_sensors_status_f
1112,LOS_C/ICD(LOS_C/ICD Dnl):is_eng_fcc1_ch2_device_status_fa
1113,LOS_C/ICD(LOS_C/ICD Dnl):is_eng_fcc1_ch2_engine_status_fa
1114,LOS_C/ICD(LOS_C/ICD Dnl):is_eng_fcc1_ch2_ecc_register_fai
1115,LOS_C/ICD(LOS_C/ICD Dnl):is_eng_fcc1_ch2_sensors_status_f
1116,LOS_C/ICD(LOS_C/ICD Dnl):f20_fuse_eng_fan_rly
1120,LOS_C/ICD(LOS_C/ICD Dnl):f22_fuse_eng_reg_box
1134,LOS_C/ICD(LOS_C/ICD Dnl):is_eng_fcc2_ch1_device_status_fa
1135,LOS_C/ICD(LOS_C/ICD Dnl):is_eng_fcc2_ch1_engine_status_fa
1136,LOS_C/ICD(LOS_C/ICD Dnl):is_eng_fcc2_ch1_ecc_register_fai
1137,LOS_C/ICD(LOS_C/ICD Dnl):is_eng_fcc2_ch1_sensors_status_f
1138,LOS_C/ICD(LOS_C/ICD Dnl):is_eng_fcc2_ch2_device_status_fa
1139,LOS_C/ICD(LOS_C/ICD Dnl):is_eng_fcc2_ch2_engine_status_fa
1140,LOS_C/ICD(LOS_C/ICD Dnl):is_eng_fcc2_ch2_ecc_register_fai
1141,LOS_C/ICD(LOS_C/ICD Dnl):is_eng_fcc2_ch2_sensors_status_f
1219,LOS_C/ICD(LOS_C/ICD Dnl):f79_fuse_eng_cut
1274,LOS_C/ICD(LOS_C/ICD Dnl):is_eng_flapper2_fail
1275,LOS_C/ICD(LOS_C/ICD Dnl):is_eng_throttle1_fail
1276,LOS_C/ICD(LOS_C/ICD Dnl):is_eng_throttle2_fail
1277,LOS_C/ICD(LOS_C/ICD Dnl):is_eng_flapper1_fail
1278,LOS_C/ICD(LOS_C/ICD Dnl):is_eng_flapper1_float_rpt
1279,LOS_C/ICD(LOS_C/ICD Dnl):is_eng_throttle1_float_rpt
1280,LOS_C/ICD(LOS_C/ICD Dnl):is_eng_throttle2_float_rpt
1281,LOS_C/ICD(LOS_C/ICD Dnl):is_eng_flapper2_float_rpt
1282,LOS_C/ICD(LOS_C/ICD Dnl):is_eng_throttle_active_rpt
1283,LOS_C/ICD(LOS_C/ICD Dnl):is_eng_flapper_active_rpt
1344,LOS_C/ICD(LOS_C/ICD Dnl):is_eng_generator_select_rpt
1346,LOS_C/ICD(LOS_C/ICD Dnl):is_eng_gen_switching_fail
1347,LOS_C/ICD(LOS_C/ICD Dnl):is_eng_gen_under_voltage_fail
1380,LOS_C/ICD(LOS_C/ICD Dnl):is_eng_high_rpm_fail
1399,LOS_C/ICD(LOS_C/ICD Dnl):is_eng_idle_rpm_fail
1461,LOS_C/ICD(LOS_C/ICD Dnl):jab_ecu_eng_fail_rpt
1501,LOS_C/ICD(LOS_C/ICD Dnl):limb_eng_temp_warn_rpt
1510,LOS_C/ICD(LOS_C/ICD Dnl):limb_eng_temp_high_rpt
1511,LOS_C/ICD(LOS_C/ICD Dnl):limb_eng_temp_low_rpt
1512,LOS_C/ICD(LOS_C/ICD Dnl):landing_automatic_eng_cut_rpt
1518,LOS_C/ICD(LOS_C/ICD Dnl):is_eng_low_rpm_fail
1549,LOS_C/ICD(LOS_C/ICD Dnl):is_eng_manifold_press_fail
1550,LOS_C/ICD(LOS_C/ICD Dnl):is_eng_manifold_press_high_fail
1551,LOS_C/ICD(LOS_C/ICD Dnl):is_eng_manifold_press_low_fail
1556,LOS_C/ICD(LOS_C/ICD Dnl):master_eng_critic_caution_fail
1557,LOS_C/ICD(LOS_C/ICD Dnl):master_eng_caution_fail
1733,LOS_C/ICD(LOS_C/ICD Dnl):is_eng_oil_press_high_fail
1734,LOS_C/ICD(LOS_C/ICD Dnl):is_eng_oil_press_low_fail
1735,LOS_C/ICD(LOS_C/ICD Dnl):is_eng_oil_press_solenoid_rpt
1739,LOS_C/ICD(LOS_C/ICD Dnl):is_eng_oil_press_solenoid_fail
1741,LOS_C/ICD(LOS_C/ICD Dnl):is_eng_oil_temp_high_fail
1742,LOS_C/ICD(LOS_C/ICD Dnl):is_eng_oil_temp_low_fail
1743,LOS_C/ICD(LOS_C/ICD Dnl):is_eng_oil_temp_sensor_fail
1829,LOS_C/ICD(LOS_C/ICD Dnl):is_eng_propeller_pitch_test_fail
1846,LOS_C/ICD(LOS_C/ICD Dnl):is_eng_during_pubit_rpt
1952,LOS_C/ICD(LOS_C/ICD Dnl):LS_eng_rpm_select
1953,LOS_C/ICD(LOS_C/ICD Dnl):is_eng_rpm_above400_fail
2053,LOS_C/ICD(LOS_C/ICD Dnl):sec_uav_limb_eng_temp_low
2057,LOS_C/ICD(LOS_C/ICD Dnl):sec_uav_eng_recovery_active_rpt
2058,LOS_C/ICD(LOS_C/ICD Dnl):sec_uav_eng_recovery_sw_rpt
2066,LOS_C/ICD(LOS_C/ICD Dnl):sec_uav_limb_eng_temp_warn
2067,LOS_C/ICD(LOS_C/ICD Dnl):sec_uav_limb_eng_temp_high
2097,LOS_C/ICD(LOS_C/ICD Dnl):is_eng_in_start_sequence_sts
2166,LOS_C/ICD(LOS_C/ICD Dnl):sr21_sec_uav_eng_type
2175,LOS_C/ICD(LOS_C/ICD Dnl):is_eng_2min_from_last_start
2176,LOS_C/ICD(LOS_C/ICD Dnl):is_eng_start_fail
2225,LOS_C/ICD(LOS_C/ICD Dnl):takeoff_automatic_eng_cut_rpt
2477,LOS_C/ICD(LOS_C/ICD Dnl):is_eng_warmup_fail
2490,LOS_C/ICD(LOS_C/ICD Dnl):is_eng_wrong_throttle_rpt
2491,LOS_C/ICD(LOS_C/ICD Dnl):is_eng_wrong_propeller_pitch
3395,LOS_C/ICD(LOS_C/ICD Dnl):is_eng_boost_press_rpt
3401,LOS_C/ICD(LOS_C/ICD Dnl):is_eng_camshaft_rpm_rpt
3442,LOS_C/ICD(LOS_C/ICD Dnl):is_eng_coolant_temp_rpt
3566,LOS_C/ICD(LOS_C/ICD Dnl):is_eng_egt_cyl1_rpt
3570,LOS_C/ICD(LOS_C/ICD Dnl):is_eng_egt_cyl2_rpt
3573,LOS_C/ICD(LOS_C/ICD Dnl):is_eng_egt_cyl3_rpt
3576,LOS_C/ICD(LOS_C/ICD Dnl):is_eng_egt_cyl4_rpt
3589,LOS_C/ICD(LOS_C/ICD Dnl):is_eng_ambient_temp_rpt
3596,LOS_C/ICD(LOS_C/ICD Dnl):is_eng_ambient_press_rpt
3651,LOS_C/ICD(LOS_C/ICD Dnl):is_eng_fuel_flow_rpt
3824,LOS_C/ICD(LOS_C/ICD Dnl):is_eng_oil_temp_rpt
3825,LOS_C/ICD(LOS_C/ICD Dnl):is_eng_oil_press_abs_rpt
3826,LOS_C/ICD(LOS_C/ICD Dnl):is_eng_oil_press_compensat_rpt
3995,LOS_C/ICD(LOS_C/ICD Dnl):is_eng_start_sequence_rpt
4760,LOS_C/ICD(LOS_C/ICD Dnl):avc1_eng_cut1_wrap_fail
4761,LOS_C/ICD(LOS_C/ICD Dnl):avc1_eng_cut2_wrap_fail
4775,LOS_C/ICD(LOS_C/ICD Dnl):avc1_eng_start_wrap_fail
4796,LOS_C/ICD(LOS_C/ICD Dnl):avc2_eng_cut1_wrap_fail
4797,LOS_C/ICD(LOS_C/ICD Dnl):avc2_eng_cut2_wrap_fail
4811,LOS_C/ICD(LOS_C/ICD Dnl):avc2_eng_start_wrap_fail
4844,LOS_C/ICD(LOS_C/ICD Dnl):is_eng_boost_press_high_fail
4845,LOS_C/ICD(LOS_C/ICD Dnl):is_eng_boost_press_low_fail
4962,LOS_C/ICD(LOS_C/ICD Dnl):cont_lol_fail_eng_cut_1
4963,LOS_C/ICD(LOS_C/ICD Dnl):cont_lol_fail_eng_cut_2
4998,LOS_C/ICD(LOS_C/ICD Dnl):cont_lol_fail_eng_stopped
5003,LOS_C/ICD(LOS_C/ICD Dnl):is_eng_coolant_temp_high_fail
5004,LOS_C/ICD(LOS_C/ICD Dnl):is_eng_coolant_temp_low_fail
5005,LOS_C/ICD(LOS_C/ICD Dnl):is_eng_coolant_sensor_fail
5014,LOS_C/ICD(LOS_C/ICD Dnl):is_eng_ecu1_fcc1_comm_fail
5015,LOS_C/ICD(LOS_C/ICD Dnl):is_eng_ecu1_fcc2_comm_fail
5016,LOS_C/ICD(LOS_C/ICD Dnl):is_eng_ecu2_fcc1_comm_fail
5017,LOS_C/ICD(LOS_C/ICD Dnl):is_eng_ecu2_fcc2_comm_fail
5126,LOS_C/ICD(LOS_C/ICD Dnl):dnl_f_eng_turbocharge_fail
5127,LOS_C/ICD(LOS_C/ICD Dnl):dnl_f_eng_wastegate_fail
5128,LOS_C/ICD(LOS_C/ICD Dnl):dnl_f_eng_pla_fail
5129,LOS_C/ICD(LOS_C/ICD Dnl):dnl_f_eng_shutdown_fail
5130,LOS_C/ICD(LOS_C/ICD Dnl):dnl_f_eng_major_fail
5131,LOS_C/ICD(LOS_C/ICD Dnl):dnl_f_eng_minor_fail
5132,LOS_C/ICD(LOS_C/ICD Dnl):dnl_f_eng_loss_of_thrust_fail
5133,LOS_C/ICD(LOS_C/ICD Dnl):dnl_f_eng_minor_loss_of_thrust
5165,LOS_C/ICD(LOS_C/ICD Dnl):is_eng_ecu1_arbit_test_fail
5166,LOS_C/ICD(LOS_C/ICD Dnl):is_eng_ecu2_arbit_test_fail
5180,LOS_C/ICD(LOS_C/ICD Dnl):is_eng_egt_high_fail
5182,LOS_C/ICD(LOS_C/ICD Dnl):is_eng_egt_low_fail
5184,LOS_C/ICD(LOS_C/ICD Dnl):is_eng_egt_split_fail
5213,LOS_C/ICD(LOS_C/ICD Dnl):sr21_uav_eng_type
5214,LOS_C/ICD(LOS_C/ICD Dnl):sec_uav_eng_critic_caution_fail
5309,LOS_C/ICD(LOS_C/ICD Dnl):is_eng_fcc1_ch1_device_status_fa
5310,LOS_C/ICD(LOS_C/ICD Dnl):is_eng_fcc1_ch1_engine_status_fa
5311,LOS_C/ICD(LOS_C/ICD Dnl):is_eng_fcc1_ch1_ecc_register_fai
5312,LOS_C/ICD(LOS_C/ICD Dnl):is_eng_fcc1_ch1_sensors_status_f
5313,LOS_C/ICD(LOS_C/ICD Dnl):is_eng_fcc1_ch2_device_status_fa
5314,LOS_C/ICD(LOS_C/ICD Dnl):is_eng_fcc1_ch2_engine_status_fa
5315,LOS_C/ICD(LOS_C/ICD Dnl):is_eng_fcc1_ch2_ecc_register_fai
5316,LOS_C/ICD(LOS_C/ICD Dnl):is_eng_fcc1_ch2_sensors_status_f
5317,LOS_C/ICD(LOS_C/ICD Dnl):f20_fuse_eng_fan_rly
5321,LOS_C/ICD(LOS_C/ICD Dnl):f22_fuse_eng_reg_box
5335,LOS_C/ICD(LOS_C/ICD Dnl):is_eng_fcc2_ch1_device_status_fa
5336,LOS_C/ICD(LOS_C/ICD Dnl):is_eng_fcc2_ch1_engine_status_fa
5337,LOS_C/ICD(LOS_C/ICD Dnl):is_eng_fcc2_ch1_ecc_register_fai
5338,LOS_C/ICD(LOS_C/ICD Dnl):is_eng_fcc2_ch1_sensors_status_f
5339,LOS_C/ICD(LOS_C/ICD Dnl):is_eng_fcc2_ch2_device_status_fa
5340,LOS_C/ICD(LOS_C/ICD Dnl):is_eng_fcc2_ch2_engine_status_fa
5341,LOS_C/ICD(LOS_C/ICD Dnl):is_eng_fcc2_ch2_ecc_register_fai
5342,LOS_C/ICD(LOS_C/ICD Dnl):is_eng_fcc2_ch2_sensors_status_f
5420,LOS_C/ICD(LOS_C/ICD Dnl):f79_fuse_eng_cut
5471,LOS_C/ICD(LOS_C/ICD Dnl):is_eng_flapper2_fail
5472,LOS_C/ICD(LOS_C/ICD Dnl):is_eng_throttle1_fail
5473,LOS_C/ICD(LOS_C/ICD Dnl):is_eng_throttle2_fail
5474,LOS_C/ICD(LOS_C/ICD Dnl):is_eng_flapper1_fail
5475,LOS_C/ICD(LOS_C/ICD Dnl):is_eng_flapper1_float_rpt
5476,LOS_C/ICD(LOS_C/ICD Dnl):is_eng_throttle1_float_rpt
5477,LOS_C/ICD(LOS_C/ICD Dnl):is_eng_throttle2_float_rpt
5478,LOS_C/ICD(LOS_C/ICD Dnl):is_eng_flapper2_float_rpt
5479,LOS_C/ICD(LOS_C/ICD Dnl):is_eng_throttle_active_rpt
5480,LOS_C/ICD(LOS_C/ICD Dnl):is_eng_flapper_active_rpt
5535,LOS_C/ICD(LOS_C/ICD Dnl):is_eng_generator_select_rpt
5537,LOS_C/ICD(LOS_C/ICD Dnl):is_eng_gen_switching_fail
5538,LOS_C/ICD(LOS_C/ICD Dnl):is_eng_gen_under_voltage_fail
5574,LOS_C/ICD(LOS_C/ICD Dnl):is_eng_high_rpm_fail
5594,LOS_C/ICD(LOS_C/ICD Dnl):is_eng_idle_rpm_fail
5662,LOS_C/ICD(LOS_C/ICD Dnl):jab_ecu_eng_fail_rpt
5701,LOS_C/ICD(LOS_C/ICD Dnl):limb_eng_temp_warn_rpt
5710,LOS_C/ICD(LOS_C/ICD Dnl):limb_eng_temp_high_rpt
5711,LOS_C/ICD(LOS_C/ICD Dnl):limb_eng_temp_low_rpt
5712,LOS_C/ICD(LOS_C/ICD Dnl):landing_automatic_eng_cut_rpt
5728,LOS_C/ICD(LOS_C/ICD Dnl):is_eng_low_rpm_fail
5759,LOS_C/ICD(LOS_C/ICD Dnl):is_eng_manifold_press_fail
5760,LOS_C/ICD(LOS_C/ICD Dnl):is_eng_manifold_press_high_fail
5761,LOS_C/ICD(LOS_C/ICD Dnl):is_eng_manifold_press_low_fail
5766,LOS_C/ICD(LOS_C/ICD Dnl):master_eng_critic_caution_fail
5767,LOS_C/ICD(LOS_C/ICD Dnl):master_eng_caution_fail
5947,LOS_C/ICD(LOS_C/ICD Dnl):is_eng_oil_press_high_fail
5948,LOS_C/ICD(LOS_C/ICD Dnl):is_eng_oil_press_low_fail
5949,LOS_C/ICD(LOS_C/ICD Dnl):is_eng_oil_press_solenoid_rpt
5953,LOS_C/ICD(LOS_C/ICD Dnl):is_eng_oil_press_solenoid_fail
5955,LOS_C/ICD(LOS_C/ICD Dnl):is_eng_oil_temp_high_fail
5956,LOS_C/ICD(LOS_C/ICD Dnl):is_eng_oil_temp_low_fail
5957,LOS_C/ICD(LOS_C/ICD Dnl):is_eng_oil_temp_sensor_fail
6044,LOS_C/ICD(LOS_C/ICD Dnl):is_eng_propeller_pitch_test_fail
6154,LOS_C/ICD(LOS_C/ICD Dnl):is_eng_rpm_above400_fail
6246,LOS_C/ICD(LOS_C/ICD Dnl):sec_uav_limb_eng_temp_low
6249,LOS_C/ICD(LOS_C/ICD Dnl):sec_uav_eng_recovery_active_rpt
6250,LOS_C/ICD(LOS_C/ICD Dnl):sec_uav_eng_recovery_sw_rpt
6259,LOS_C/ICD(LOS_C/ICD Dnl):sec_uav_limb_eng_temp_warn
6260,LOS_C/ICD(LOS_C/ICD Dnl):sec_uav_limb_eng_temp_high
6360,LOS_C/ICD(LOS_C/ICD Dnl):sr21_sec_uav_eng_type
6367,LOS_C/ICD(LOS_C/ICD Dnl):is_eng_start_fail
6374,LOS_C/ICD(LOS_C/ICD Dnl):is_eng_start_sequence_rpt
6411,LOS_C/ICD(LOS_C/ICD Dnl):takeoff_automatic_eng_cut_rpt
6643,LOS_C/ICD(LOS_C/ICD Dnl):is_eng_warmup_fail
6653,LOS_C/ICD(LOS_C/ICD Dnl):is_eng_wrong_throttle_rpt
6654,LOS_C/ICD(LOS_C/ICD Dnl):is_eng_wrong_propeller_pitch
471,LOS_C/ICD(LOS_C/ICD Dnl):atol_engine_fail
478,LOS_C/ICD(LOS_C/ICD Dnl):atol_engine_fail_mode_rpt
802,LOS_C/ICD(LOS_C/ICD Dnl):is_engine_cut1_cmd_fail
803,LOS_C/ICD(LOS_C/ICD Dnl):is_engine_cut2_cmd_fail
1007,LOS_C/ICD(LOS_C/ICD Dnl):engine_critic_caution_fail
1011,LOS_C/ICD(LOS_C/ICD Dnl):sec_uav_engine_flapper_closed
1013,LOS_C/ICD(LOS_C/ICD Dnl):engine_flapper_closed
1014,LOS_C/ICD(LOS_C/ICD Dnl):sec_uav_engine_hi_temp
1019,LOS_C/ICD(LOS_C/ICD Dnl):engine_start_rpt
1020,LOS_C/ICD(LOS_C/ICD Dnl):sec_uav_engine_caution_fail
1021,LOS_C/ICD(LOS_C/ICD Dnl):engine_caution_fail
1022,LOS_C/ICD(LOS_C/ICD Dnl):engine_cut_1_rpt
1023,LOS_C/ICD(LOS_C/ICD Dnl):engine_cut_2_rpt
1024,LOS_C/ICD(LOS_C/ICD Dnl):engine_flapper_fail
1025,LOS_C/ICD(LOS_C/ICD Dnl):sec_uav_engine_cut_rpt
1026,LOS_C/ICD(LOS_C/ICD Dnl):sec_uav_engine_stopped
1027,LOS_C/ICD(LOS_C/ICD Dnl):engine_head_temp_rpt
1028,LOS_C/ICD(LOS_C/ICD Dnl):engine_cut_rpt
1029,LOS_C/ICD(LOS_C/ICD Dnl):engine_run_rpt
1030,LOS_C/ICD(LOS_C/ICD Dnl):engine_stopped
1246,LOS_C/ICD(LOS_C/ICD Dnl):engine_flapper_auto_man_rpt
1558,LOS_C/ICD(LOS_C/ICD Dnl):master_engine_stopped
1744,LOS_C/ICD(LOS_C/ICD Dnl):engine_low_oil_pressure
1919,LOS_C/ICD(LOS_C/ICD Dnl):release_engine_limits_rpt
2198,LOS_C/ICD(LOS_C/ICD Dnl):takeoff_auto_engine_cut_rpt
3443,LOS_C/ICD(LOS_C/ICD Dnl):sec_uav_engine_temp
3444,LOS_C/ICD(LOS_C/ICD Dnl):engine_coolant_temp
3517,LOS_C/ICD(LOS_C/ICD Dnl):dnl_f_engine_coolant_temp_rpt
3585,LOS_C/ICD(LOS_C/ICD Dnl):sec_uav_engine_coolant_temp
3587,LOS_C/ICD(LOS_C/ICD Dnl):engine_flapper_rpt
3588,LOS_C/ICD(LOS_C/ICD Dnl):engine_load_rpt
3590,LOS_C/ICD(LOS_C/ICD Dnl):sec_uav_engine_type_rpt
3591,LOS_C/ICD(LOS_C/ICD Dnl):engine_type_rpt
3592,LOS_C/ICD(LOS_C/ICD Dnl):engine_cht3_temp_rpt
4037,LOS_C/ICD(LOS_C/ICD Dnl):tcb_engine_speed_rpt
4706,LOS_C/ICD(LOS_C/ICD Dnl):atol_engine_fail
4713,LOS_C/ICD(LOS_C/ICD Dnl):atol_engine_fail_mode_rpt
5019,LOS_C/ICD(LOS_C/ICD Dnl):is_engine_cut1_cmd_fail
5020,LOS_C/ICD(LOS_C/ICD Dnl):is_engine_cut2_cmd_fail
5215,LOS_C/ICD(LOS_C/ICD Dnl):engine_critic_caution_fail
5218,LOS_C/ICD(LOS_C/ICD Dnl):sec_uav_engine_flapper_closed
5220,LOS_C/ICD(LOS_C/ICD Dnl):engine_flapper_closed
5221,LOS_C/ICD(LOS_C/ICD Dnl):sec_uav_engine_hi_temp
5225,LOS_C/ICD(LOS_C/ICD Dnl):engine_start_rpt
5226,LOS_C/ICD(LOS_C/ICD Dnl):sec_uav_engine_type_rpt
5227,LOS_C/ICD(LOS_C/ICD Dnl):engine_type_rpt
5228,LOS_C/ICD(LOS_C/ICD Dnl):sec_uav_engine_caution_fail
5229,LOS_C/ICD(LOS_C/ICD Dnl):engine_caution_fail
5230,LOS_C/ICD(LOS_C/ICD Dnl):engine_flapper_fail
5231,LOS_C/ICD(LOS_C/ICD Dnl):engine_head_temp_rpt
5232,LOS_C/ICD(LOS_C/ICD Dnl):engine_stopped
5445,LOS_C/ICD(LOS_C/ICD Dnl):engine_flapper_auto_man_rpt
5768,LOS_C/ICD(LOS_C/ICD Dnl):master_engine_stopped
5958,LOS_C/ICD(LOS_C/ICD Dnl):engine_low_oil_pressure
6129,LOS_C/ICD(LOS_C/ICD Dnl):release_engine_limits_rpt
6389,LOS_C/ICD(LOS_C/ICD Dnl):takeoff_auto_engine_cut_rpt
336,LOS_C/ICD(LOS_C/ICD Dnl):abort_ins_bu_cmd_fail
361,LOS_C/ICD(LOS_C/ICD Dnl):ins_accelerometer_fail
465,LOS_C/ICD(LOS_C/ICD Dnl):atld_use_ins_bu_after_dh_rpt
532,LOS_C/ICD(LOS_C/ICD Dnl):avc1_no_comm_with_ins
570,LOS_C/ICD(LOS_C/ICD Dnl):avc2_no_comm_with_ins
779,LOS_C/ICD(LOS_C/ICD Dnl):ins_content_valid_rpt
819,LOS_C/ICD(LOS_C/ICD Dnl):ddr_installed_rpt
824,LOS_C/ICD(LOS_C/ICD Dnl):ins_declination_dip_valid_rpt
928,LOS_C/ICD(LOS_C/ICD Dnl):dnl_ins_gps_bit_fail_rpt
1132,LOS_C/ICD(LOS_C/ICD Dnl):f02_fuse_spare3_or_sar_ins
1264,LOS_C/ICD(LOS_C/ICD Dnl):flir_tec_installed_rpt
1370,LOS_C/ICD(LOS_C/ICD Dnl):ins_timestamp_is_gps_time_rpt
1378,LOS_C/ICD(LOS_C/ICD Dnl):ins_heading_sens_fail
1412,LOS_C/ICD(LOS_C/ICD Dnl):ins_fvu_heading_diff_warn
1413,LOS_C/ICD(LOS_C/ICD Dnl):ins_fail_rpt
1414,LOS_C/ICD(LOS_C/ICD Dnl):ins_gps_fail
1415,LOS_C/ICD(LOS_C/ICD Dnl):ins_gyros_fail
1416,LOS_C/ICD(LOS_C/ICD Dnl):ins_hw_fail_rpt
1417,LOS_C/ICD(LOS_C/ICD Dnl):ins_hw_fail
1418,LOS_C/ICD(LOS_C/ICD Dnl):ins_imp_fail
1419,LOS_C/ICD(LOS_C/ICD Dnl):ins_np_fail
1420,LOS_C/ICD(LOS_C/ICD Dnl):ins_on_off_rpt
1422,LOS_C/ICD(LOS_C/ICD Dnl):ins_sw_fail_rpt
1423,LOS_C/ICD(LOS_C/ICD Dnl):ins_gps_hw_fail
1424,LOS_C/ICD(LOS_C/ICD Dnl):ins_not_rcv_mcpa
1425,LOS_C/ICD(LOS_C/ICD Dnl):ins_se_card_fail
1568,LOS_C/ICD(LOS_C/ICD Dnl):mcc1_ins_com_fail_rpt
1575,LOS_C/ICD(LOS_C/ICD Dnl):mcc2_ins_com_fail_rpt
1585,LOS_C/ICD(LOS_C/ICD Dnl):mcc_ins_source_echo_cmd_rpt
1589,LOS_C/ICD(LOS_C/ICD Dnl):mcc_selected_ins_source_rpt
1625,LOS_C/ICD(LOS_C/ICD Dnl):mpr_ins_fail
1626,LOS_C/ICD(LOS_C/ICD Dnl):sec_uav_mpr_ins_sw_rpt
1628,LOS_C/ICD(LOS_C/ICD Dnl):mpr_ins_on_off_cmd_rpt
1629,LOS_C/ICD(LOS_C/ICD Dnl):mpr_ins_sw_rpt
1642,LOS_C/ICD(LOS_C/ICD Dnl):mpr_ins_data_fail
1709,LOS_C/ICD(LOS_C/ICD Dnl):rok_nav_neta_ins_select_rpt
1715,LOS_C/ICD(LOS_C/ICD Dnl):new_laser_installed_rpt
1725,LOS_C/ICD(LOS_C/ICD Dnl):ins_nv_config_valid_rpt
1823,LOS_C/ICD(LOS_C/ICD Dnl):ins_position_estimate_invalid_rp
1852,LOS_C/ICD(LOS_C/ICD Dnl):ins_pwr_supply_fail
1993,LOS_C/ICD(LOS_C/ICD Dnl):sar_ins_on_off_rpt
2027,LOS_C/ICD(LOS_C/ICD Dnl):satcom_install_rpt
2049,LOS_C/ICD(LOS_C/ICD Dnl):sec_uav_mpr_ins_on_off_cmd_rpt
2050,LOS_C/ICD(LOS_C/ICD Dnl):sec_uav_ins_fail
2455,LOS_C/ICD(LOS_C/ICD Dnl):ins_velocity_estimate_invalid_rp
3477,LOS_C/ICD(LOS_C/ICD Dnl):ins_current_mode_rpt
3677,LOS_C/ICD(LOS_C/ICD Dnl):ins_heading_accuracy_estimate_rp
3709,LOS_C/ICD(LOS_C/ICD Dnl):ins_ant_select_rpt
3710,LOS_C/ICD(LOS_C/ICD Dnl):ins_mode_rpt
3711,LOS_C/ICD(LOS_C/ICD Dnl):ab_ins_mode
3712,LOS_C/ICD(LOS_C/ICD Dnl):ab_ins_status
3713,LOS_C/ICD(LOS_C/ICD Dnl):ins_temp_rpt
4581,LOS_C/ICD(LOS_C/ICD Dnl):abort_ins_bu_cmd_fail
4608,LOS_C/ICD(LOS_C/ICD Dnl):ins_accelerometer_fail
4700,LOS_C/ICD(LOS_C/ICD Dnl):atld_use_ins_bu_after_dh_rpt
4765,LOS_C/ICD(LOS_C/ICD Dnl):avc1_no_comm_with_ins
4801,LOS_C/ICD(LOS_C/ICD Dnl):avc2_no_comm_with_ins
5018,LOS_C/ICD(LOS_C/ICD Dnl):ins_current_mode_rpt
5140,LOS_C/ICD(LOS_C/ICD Dnl):dnl_ins_gps_bit_fail_rpt
5333,LOS_C/ICD(LOS_C/ICD Dnl):f02_fuse_spare3_or_sar_ins
5572,LOS_C/ICD(LOS_C/ICD Dnl):ins_heading_sens_fail
5610,LOS_C/ICD(LOS_C/ICD Dnl):ins_ant_select_rpt
5611,LOS_C/ICD(LOS_C/ICD Dnl):ins_fail_rpt
5612,LOS_C/ICD(LOS_C/ICD Dnl):ins_gps_fail
5613,LOS_C/ICD(LOS_C/ICD Dnl):ins_gyros_fail
5614,LOS_C/ICD(LOS_C/ICD Dnl):ins_hw_fail_rpt
5615,LOS_C/ICD(LOS_C/ICD Dnl):ins_hw_fail
5616,LOS_C/ICD(LOS_C/ICD Dnl):ins_imp_fail
5617,LOS_C/ICD(LOS_C/ICD Dnl):ins_mode_rpt
5618,LOS_C/ICD(LOS_C/ICD Dnl):ab_ins_mode
5619,LOS_C/ICD(LOS_C/ICD Dnl):ins_np_fail
5620,LOS_C/ICD(LOS_C/ICD Dnl):ins_on_off_rpt
5622,LOS_C/ICD(LOS_C/ICD Dnl):ab_ins_status
5623,LOS_C/ICD(LOS_C/ICD Dnl):ins_sw_fail_rpt
5624,LOS_C/ICD(LOS_C/ICD Dnl):ins_gps_hw_fail
5625,LOS_C/ICD(LOS_C/ICD Dnl):ins_not_rcv_mcpa
5626,LOS_C/ICD(LOS_C/ICD Dnl):ins_se_card_fail
5778,LOS_C/ICD(LOS_C/ICD Dnl):mcc1_ins_com_fail_rpt
5785,LOS_C/ICD(LOS_C/ICD Dnl):mcc2_ins_com_fail_rpt
5796,LOS_C/ICD(LOS_C/ICD Dnl):mcc_ins_source_echo_cmd_rpt
5800,LOS_C/ICD(LOS_C/ICD Dnl):mcc_selected_ins_source_rpt
5840,LOS_C/ICD(LOS_C/ICD Dnl):mpr_ins_fail
5841,LOS_C/ICD(LOS_C/ICD Dnl):sec_uav_mpr_ins_sw_rpt
5843,LOS_C/ICD(LOS_C/ICD Dnl):mpr_ins_on_off_cmd_rpt
5844,LOS_C/ICD(LOS_C/ICD Dnl):mpr_ins_sw_rpt
5860,LOS_C/ICD(LOS_C/ICD Dnl):mpr_ins_data_fail
5924,LOS_C/ICD(LOS_C/ICD Dnl):rok_nav_neta_ins_select_rpt
5929,LOS_C/ICD(LOS_C/ICD Dnl):new_laser_installed_rpt
6039,LOS_C/ICD(LOS_C/ICD Dnl):ins_position_estimate_invalid_rp
6066,LOS_C/ICD(LOS_C/ICD Dnl):ins_pwr_supply_fail
6184,LOS_C/ICD(LOS_C/ICD Dnl):sar_ins_on_off_rpt
6241,LOS_C/ICD(LOS_C/ICD Dnl):sec_uav_mpr_ins_on_off_cmd_rpt
6242,LOS_C/ICD(LOS_C/ICD Dnl):sec_uav_ins_fail
6626,LOS_C/ICD(LOS_C/ICD Dnl):ins_velocity_estimate_invalid_rp
20431,DNL_SEL/DNLSEL20(LOS_C/ICD Dnl):ins_angles_valid_sts
20435,DNL_SEL/DNLSEL20(LOS_C/ICD Dnl):ins_heading_rpt
20436,DNL_SEL/DNLSEL20(LOS_C/ICD Dnl):ins_pitch_rpt
20437,DNL_SEL/DNLSEL20(LOS_C/ICD Dnl):ins_roll_rpt
20444,DNL_SEL/DNLSEL20(LOS_C/ICD Dnl):ins_angles_valid_sts
20469,DNL_SEL/DNLSEL30(LOS_C/ICD Dnl):ins_fail
20472,DNL_SEL/DNLSEL30(LOS_C/ICD Dnl):pi_ins
20475,DNL_SEL/DNLSEL30(LOS_C/ICD Dnl):ro_ins
20480,DNL_SEL/DNLSEL31(LOS_C/ICD Dnl):ins_fail
20483,DNL_SEL/DNLSEL31(LOS_C/ICD Dnl):pr_ins
20486,DNL_SEL/DNLSEL31(LOS_C/ICD Dnl):rr_ins
20491,DNL_SEL/DNLSEL32(LOS_C/ICD Dnl):ins_fail
20494,DNL_SEL/DNLSEL32(LOS_C/ICD Dnl):az_ins
20499,DNL_SEL/DNLSEL32(LOS_C/ICD Dnl):yr_ins
20502,DNL_SEL/DNLSEL33(LOS_C/ICD Dnl):ins_fail
20505,DNL_SEL/DNLSEL33(LOS_C/ICD Dnl):ax_ins
20508,DNL_SEL/DNLSEL33(LOS_C/ICD Dnl):ay_ins
20510,DNL_SEL/DNLSEL33(LOS_C/ICD Dnl):yaw_ins
21135,DNL_SEL/DNLSEL85(LOS_C/ICD Dnl):ab_ins_mode
21136,DNL_SEL/DNLSEL85(LOS_C/ICD Dnl):ab_ins_status
21157,DNL_SEL/DNLSEL85(LOS_C/ICD Dnl):ab_ins_mode
21158,DNL_SEL/DNLSEL85(LOS_C/ICD Dnl):ab_ins_status
21223,DNL_SEL/DNLSEL90(LOS_C/ICD Dnl):ins_northing_rpt
21226,DNL_SEL/DNLSEL90(LOS_C/ICD Dnl):ax_ins
21229,DNL_SEL/DNLSEL90(LOS_C/ICD Dnl):ay_ins
21232,DNL_SEL/DNLSEL90(LOS_C/ICD Dnl):az_ins
21234,DNL_SEL/DNLSEL90(LOS_C/ICD Dnl):ins_easting_rpt
21235,DNL_SEL/DNLSEL90(LOS_C/ICD Dnl):ins_altitude_asl
21236,DNL_SEL/DNLSEL90(LOS_C/ICD Dnl):ins_gps_num_rpt
21239,DNL_SEL/DNLSEL90(LOS_C/ICD Dnl):flt_pi_ins
21244,DNL_SEL/DNLSEL90(LOS_C/ICD Dnl):flt_pr_ins
21247,DNL_SEL/DNLSEL90(LOS_C/ICD Dnl):flt_ro_ins
21252,DNL_SEL/DNLSEL90(LOS_C/ICD Dnl):flt_rr_ins
21255,DNL_SEL/DNLSEL90(LOS_C/ICD Dnl):yaw_ins_word
21259,DNL_SEL/DNLSEL90(LOS_C/ICD Dnl):flt_yr_ins
21277,DNL_SEL/DNLSEL91(LOS_C/ICD Dnl):ins_velocity_horiz
21278,DNL_SEL/DNLSEL91(LOS_C/ICD Dnl):ins_velocity_up
21286,DNL_SEL/DNLSEL92(LOS_C/ICD Dnl):ins_easting_rpt
21287,DNL_SEL/DNLSEL92(LOS_C/ICD Dnl):ins_northing_rpt
21288,DNL_SEL/DNLSEL92(LOS_C/ICD Dnl):ins_altitude_asl
21289,DNL_SEL/DNLSEL92(LOS_C/ICD Dnl):ins_gps_num_rpt
21366,DNL_SEL/DNLSEL97(LOS_C/ICD Dnl):dnl_ins_vdown_rpt
3520,LOS_C/ICD(LOS_C/ICD Dnl):dnl_f_oil_press_rpt
3815,LOS_C/ICD(LOS_C/ICD Dnl):jab_oil_press_rpt
3818,LOS_C/ICD(LOS_C/ICD Dnl):oil_press_rpt
3819,LOS_C/ICD(LOS_C/ICD Dnl):sec_uav_oil_press_rpt
3937,LOS_C/ICD(LOS_C/ICD Dnl):sec_uav_jab_oil_press_rpt
3519,LOS_C/ICD(LOS_C/ICD Dnl):dnl_f_oil_temp_rpt
3821,LOS_C/ICD(LOS_C/ICD Dnl):oil_temp_rpt
3822,LOS_C/ICD(LOS_C/ICD Dnl):sec_uav_oil_temp_rpt
3823,LOS_C/ICD(LOS_C/ICD Dnl):jab_oil_temp_rpt
3936,LOS_C/ICD(LOS_C/ICD Dnl):sec_uav_jab_oil_temp_rpt
3489,LOS_C/ICD(LOS_C/ICD Dnl):sec_uav_delta_fuel_pressure
3496,LOS_C/ICD(LOS_C/ICD Dnl):delta_fuel_pressure
20464,DNL_SEL/DNLSEL22(LOS_C/ICD Dnl):delta_fuel_pressure
3521,LOS_C/ICD(LOS_C/ICD Dnl):dnl_f_fuel_flow_rpt
3634,LOS_C/ICD(LOS_C/ICD Dnl):jab_fuel_flow_rpt
3645,LOS_C/ICD(LOS_C/ICD Dnl):sec_uav_fuel_flow_rpt
3648,LOS_C/ICD(LOS_C/ICD Dnl):fuel_flow_rpt
3934,LOS_C/ICD(LOS_C/ICD Dnl):sec_uav_jab_fuel_flow_rpt
3415,LOS_C/ICD(LOS_C/ICD Dnl):jab_cht2_rpt
3416,LOS_C/ICD(LOS_C/ICD Dnl):sec_uav_cht2_rpt
3417,LOS_C/ICD(LOS_C/ICD Dnl):cht2_rpt
3418,LOS_C/ICD(LOS_C/ICD Dnl):jab_cht3_rpt
3419,LOS_C/ICD(LOS_C/ICD Dnl):sec_uav_cht3_rpt
3420,LOS_C/ICD(LOS_C/ICD Dnl):cht3_rpt
3565,LOS_C/ICD(LOS_C/ICD Dnl):jab_egt1_rpt
3567,LOS_C/ICD(LOS_C/ICD Dnl):sec_uav_egt1_rpt
3568,LOS_C/ICD(LOS_C/ICD Dnl):egt1_rpt
20460,DNL_SEL/DNLSEL22(LOS_C/ICD Dnl):egt1_rpt
3569,LOS_C/ICD(LOS_C/ICD Dnl):jab_egt2_rpt
3571,LOS_C/ICD(LOS_C/ICD Dnl):egt2_rpt
20461,DNL_SEL/DNLSEL22(LOS_C/ICD Dnl):egt2_rpt
3572,LOS_C/ICD(LOS_C/ICD Dnl):jab_egt3_rpt
3574,LOS_C/ICD(LOS_C/ICD Dnl):egt3_rpt
20462,DNL_SEL/DNLSEL22(LOS_C/ICD Dnl):egt3_rpt
3575,LOS_C/ICD(LOS_C/ICD Dnl):jab_egt4_rpt
3577,LOS_C/ICD(LOS_C/ICD Dnl):sec_uav_egt4_rpt
3578,LOS_C/ICD(LOS_C/ICD Dnl):egt4_rpt
20463,DNL_SEL/DNLSEL22(LOS_C/ICD Dnl):egt4_rpt
3675,LOS_C/ICD(LOS_C/ICD Dnl):heron_throttle_sts
4043,LOS_C/ICD(LOS_C/ICD Dnl):sec_uav_heron_throttle_sts
20466,DNL_SEL/DNLSEL22(LOS_C/ICD Dnl):heron_throttle_sts
20123,DNL_SEL/DNLSEL0(LOS_C/ICD Dnl):act_sts_dtr
20221,DNL_SEL/DNLSEL2(LOS_C/ICD Dnl):act_sts_dtr
20528,DNL_SEL/DNLSEL50(LOS_C/ICD Dnl):src2_act_sts_dtr
20696,DNL_SEL/DNLSEL57(LOS_C/ICD Dnl):src2_act_sts_dtr
20777,DNL_SEL/DNLSEL59(LOS_C/ICD Dnl):src2_act_sts_dtr
2287,LOS_C/ICD(LOS_C/ICD Dnl):uav_on_ground_rpt
2290,LOS_C/ICD(LOS_C/ICD Dnl):sec_uav_on_ground_rpt
6462,LOS_C/ICD(LOS_C/ICD Dnl):uav_on_ground_rpt
6465,LOS_C/ICD(LOS_C/ICD Dnl):sec_uav_on_ground_rpt
4064,LOS_C/ICD(LOS_C/ICD Dnl):sec_uav_alt_rpt
4067,LOS_C/ICD(LOS_C/ICD Dnl):uav_alt_rpt
1302,LOS_C/ICD(LOS_C/ICD Dnl):sec_uav_fuel_flow_sensor_fail
1307,LOS_C/ICD(LOS_C/ICD Dnl):fuel_flow_sensor_fail
5496,LOS_C/ICD(LOS_C/ICD Dnl):sec_uav_fuel_flow_sensor_fail
5501,LOS_C/ICD(LOS_C/ICD Dnl):fuel_flow_sensor_fail
655,LOS_C/ICD(LOS_C/ICD Dnl):cht2_temp_sens_fail
4876,LOS_C/ICD(LOS_C/ICD Dnl):cht2_temp_sens_fail
658,LOS_C/ICD(LOS_C/ICD Dnl):cht3_temp_sens_fail
4879,LOS_C/ICD(LOS_C/ICD Dnl):cht3_temp_sens_fail
2482,LOS_C/ICD(LOS_C/ICD Dnl):wings_no_fuel_flow
6646,LOS_C/ICD(LOS_C/ICD Dnl):wings_no_fuel_flow
665,LOS_C/ICD(LOS_C/ICD Dnl):cht_temp_split_warn
4886,LOS_C/ICD(LOS_C/ICD Dnl):cht_temp_split_warn
3210,LOS_C/ICD(LOS_C/ICD Upl):wind_speed_at_15
3211,LOS_C/ICD(LOS_C/ICD Upl):wind_speed_at_17
3212,LOS_C/ICD(LOS_C/ICD Upl):wind_speed_at_19
3213,LOS_C/ICD(LOS_C/ICD Upl):wind_speed_at_21
3214,LOS_C/ICD(LOS_C/ICD Upl):wind_speed_tab_18
3215,LOS_C/ICD(LOS_C/ICD Upl):wind_speed_tab_20
3216,LOS_C/ICD(LOS_C/ICD Upl):wind_speed_tab_10
3217,LOS_C/ICD(LOS_C/ICD Upl):wind_speed_tab_11
3218,LOS_C/ICD(LOS_C/ICD Upl):wind_speed_tab_12
3219,LOS_C/ICD(LOS_C/ICD Upl):wind_speed_tab_13
3220,LOS_C/ICD(LOS_C/ICD Upl):wind_speed_tab_14
3221,LOS_C/ICD(LOS_C/ICD Upl):wind_speed_tab_15
3222,LOS_C/ICD(LOS_C/ICD Upl):wind_speed_at_16
3223,LOS_C/ICD(LOS_C/ICD Upl):wind_speed_tab_16
3224,LOS_C/ICD(LOS_C/ICD Upl):wind_speed_tab_17
3225,LOS_C/ICD(LOS_C/ICD Upl):wind_speed_at_18
3226,LOS_C/ICD(LOS_C/ICD Upl):wind_speed_tab_19
3227,LOS_C/ICD(LOS_C/ICD Upl):wind_speed_at_20
3228,LOS_C/ICD(LOS_C/ICD Upl):wind_speed_tab_21
3229,LOS_C/ICD(LOS_C/ICD Upl):wind_speed_tab_22
3230,LOS_C/ICD(LOS_C/ICD Upl):wind_speed_tab_23
3231,LOS_C/ICD(LOS_C/ICD Upl):wind_speed_tab_24
3232,LOS_C/ICD(LOS_C/ICD Upl):wind_speed_tab_25
3233,LOS_C/ICD(LOS_C/ICD Upl):wind_speed_tab_26
3234,LOS_C/ICD(LOS_C/ICD Upl):wind_speed_tab_27
3235,LOS_C/ICD(LOS_C/ICD Upl):wind_speed_tab_28
3236,LOS_C/ICD(LOS_C/ICD Upl):wind_speed_tab_29
3237,LOS_C/ICD(LOS_C/ICD Upl):wind_speed_tab_30
3238,LOS_C/ICD(LOS_C/ICD Upl):wind_speed_tab_31
3239,LOS_C/ICD(LOS_C/ICD Upl):wind_speed_tab_32
3240,LOS_C/ICD(LOS_C/ICD Upl):wind_speed_tab_33
3241,LOS_C/ICD(LOS_C/ICD Upl):wind_speed_tab_34
3242,LOS_C/ICD(LOS_C/ICD Upl):wind_speed_tab_35
3243,LOS_C/ICD(LOS_C/ICD Upl):wind_speed_tab_36
3244,LOS_C/ICD(LOS_C/ICD Upl):wind_speed_tab_0
3245,LOS_C/ICD(LOS_C/ICD Upl):wind_speed_tab_1
3246,LOS_C/ICD(LOS_C/ICD Upl):wind_speed_tab_2
3247,LOS_C/ICD(LOS_C/ICD Upl):wind_speed_tab_3
3248,LOS_C/ICD(LOS_C/ICD Upl):wind_speed_tab_4
3249,LOS_C/ICD(LOS_C/ICD Upl):wind_speed_tab_5
3250,LOS_C/ICD(LOS_C/ICD Upl):wind_speed_tab_6
3251,LOS_C/ICD(LOS_C/ICD Upl):wind_speed_tab_7
3252,LOS_C/ICD(LOS_C/ICD Upl):wind_speed_tab_8
3253,LOS_C/ICD(LOS_C/ICD Upl):wind_speed_tab_9
9916,LOS_U/ICD(LOS_U/ICD Upl):wind_speed_at_15
9917,LOS_U/ICD(LOS_U/ICD Upl):wind_speed_at_17
9918,LOS_U/ICD(LOS_U/ICD Upl):wind_speed_at_19
9919,LOS_U/ICD(LOS_U/ICD Upl):wind_speed_at_21
9920,LOS_U/ICD(LOS_U/ICD Upl):wind_speed_tab_18
9921,LOS_U/ICD(LOS_U/ICD Upl):wind_speed_tab_20
9922,LOS_U/ICD(LOS_U/ICD Upl):wind_speed_tab_10
9923,LOS_U/ICD(LOS_U/ICD Upl):wind_speed_tab_11
9924,LOS_U/ICD(LOS_U/ICD Upl):wind_speed_tab_12
9925,LOS_U/ICD(LOS_U/ICD Upl):wind_speed_tab_13
9926,LOS_U/ICD(LOS_U/ICD Upl):wind_speed_tab_14
9927,LOS_U/ICD(LOS_U/ICD Upl):wind_speed_tab_15
9928,LOS_U/ICD(LOS_U/ICD Upl):wind_speed_at_16
9929,LOS_U/ICD(LOS_U/ICD Upl):wind_speed_tab_16
9930,LOS_U/ICD(LOS_U/ICD Upl):wind_speed_tab_17
9931,LOS_U/ICD(LOS_U/ICD Upl):wind_speed_at_18
9932,LOS_U/ICD(LOS_U/ICD Upl):wind_speed_tab_19
9933,LOS_U/ICD(LOS_U/ICD Upl):wind_speed_at_20
9934,LOS_U/ICD(LOS_U/ICD Upl):wind_speed_tab_21
9935,LOS_U/ICD(LOS_U/ICD Upl):wind_speed_tab_22
9936,LOS_U/ICD(LOS_U/ICD Upl):wind_speed_tab_23
9937,LOS_U/ICD(LOS_U/ICD Upl):wind_speed_tab_24
9938,LOS_U/ICD(LOS_U/ICD Upl):wind_speed_tab_25
9939,LOS_U/ICD(LOS_U/ICD Upl):wind_speed_tab_26
9940,LOS_U/ICD(LOS_U/ICD Upl):wind_speed_tab_27
9941,LOS_U/ICD(LOS_U/ICD Upl):wind_speed_tab_28
9942,LOS_U/ICD(LOS_U/ICD Upl):wind_speed_tab_29
9943,LOS_U/ICD(LOS_U/ICD Upl):wind_speed_tab_30
9944,LOS_U/ICD(LOS_U/ICD Upl):wind_speed_tab_31
9945,LOS_U/ICD(LOS_U/ICD Upl):wind_speed_tab_32
9946,LOS_U/ICD(LOS_U/ICD Upl):wind_speed_tab_33
9947,LOS_U/ICD(LOS_U/ICD Upl):wind_speed_tab_34
9948,LOS_U/ICD(LOS_U/ICD Upl):wind_speed_tab_35
9949,LOS_U/ICD(LOS_U/ICD Upl):wind_speed_tab_36
9950,LOS_U/ICD(LOS_U/ICD Upl):wind_speed_tab_0
9951,LOS_U/ICD(LOS_U/ICD Upl):wind_speed_tab_1
9952,LOS_U/ICD(LOS_U/ICD Upl):wind_speed_tab_2
9953,LOS_U/ICD(LOS_U/ICD Upl):wind_speed_tab_3
9954,LOS_U/ICD(LOS_U/ICD Upl):wind_speed_tab_4
9955,LOS_U/ICD(LOS_U/ICD Upl):wind_speed_tab_5
9956,LOS_U/ICD(LOS_U/ICD Upl):wind_speed_tab_6
9957,LOS_U/ICD(LOS_U/ICD Upl):wind_speed_tab_7
9958,LOS_U/ICD(LOS_U/ICD Upl):wind_speed_tab_8
9959,LOS_U/ICD(LOS_U/ICD Upl):wind_speed_tab_9
16622,SAT/ICD(SAT/ICD Upl):wind_speed_at_15
16623,SAT/ICD(SAT/ICD Upl):wind_speed_at_17
16624,SAT/ICD(SAT/ICD Upl):wind_speed_at_19
16625,SAT/ICD(SAT/ICD Upl):wind_speed_at_21
16626,SAT/ICD(SAT/ICD Upl):wind_speed_tab_18
16627,SAT/ICD(SAT/ICD Upl):wind_speed_tab_20
16628,SAT/ICD(SAT/ICD Upl):wind_speed_tab_10
16629,SAT/ICD(SAT/ICD Upl):wind_speed_tab_11
16630,SAT/ICD(SAT/ICD Upl):wind_speed_tab_12
16631,SAT/ICD(SAT/ICD Upl):wind_speed_tab_13
16632,SAT/ICD(SAT/ICD Upl):wind_speed_tab_14
16633,SAT/ICD(SAT/ICD Upl):wind_speed_tab_15
16634,SAT/ICD(SAT/ICD Upl):wind_speed_at_16
16635,SAT/ICD(SAT/ICD Upl):wind_speed_tab_16
16636,SAT/ICD(SAT/ICD Upl):wind_speed_tab_17
16637,SAT/ICD(SAT/ICD Upl):wind_speed_at_18
16638,SAT/ICD(SAT/ICD Upl):wind_speed_tab_19
16639,SAT/ICD(SAT/ICD Upl):wind_speed_at_20
16640,SAT/ICD(SAT/ICD Upl):wind_speed_tab_21
16641,SAT/ICD(SAT/ICD Upl):wind_speed_tab_22
16642,SAT/ICD(SAT/ICD Upl):wind_speed_tab_23
16643,SAT/ICD(SAT/ICD Upl):wind_speed_tab_24
16644,SAT/ICD(SAT/ICD Upl):wind_speed_tab_25
16645,SAT/ICD(SAT/ICD Upl):wind_speed_tab_26
16646,SAT/ICD(SAT/ICD Upl):wind_speed_tab_27
16647,SAT/ICD(SAT/ICD Upl):wind_speed_tab_28
16648,SAT/ICD(SAT/ICD Upl):wind_speed_tab_29
16649,SAT/ICD(SAT/ICD Upl):wind_speed_tab_30
16650,SAT/ICD(SAT/ICD Upl):wind_speed_tab_31
16651,SAT/ICD(SAT/ICD Upl):wind_speed_tab_32
16652,SAT/ICD(SAT/ICD Upl):wind_speed_tab_33
16653,SAT/ICD(SAT/ICD Upl):wind_speed_tab_34
16654,SAT/ICD(SAT/ICD Upl):wind_speed_tab_35
16655,SAT/ICD(SAT/ICD Upl):wind_speed_tab_36
16656,SAT/ICD(SAT/ICD Upl):wind_speed_tab_0
16657,SAT/ICD(SAT/ICD Upl):wind_speed_tab_1
16658,SAT/ICD(SAT/ICD Upl):wind_speed_tab_2
16659,SAT/ICD(SAT/ICD Upl):wind_speed_tab_3
16660,SAT/ICD(SAT/ICD Upl):wind_speed_tab_4
16661,SAT/ICD(SAT/ICD Upl):wind_speed_tab_5
16662,SAT/ICD(SAT/ICD Upl):wind_speed_tab_6
16663,SAT/ICD(SAT/ICD Upl):wind_speed_tab_7
16664,SAT/ICD(SAT/ICD Upl):wind_speed_tab_8
16665,SAT/ICD(SAT/ICD Upl):wind_speed_tab_9
3196,LOS_C/ICD(LOS_C/ICD Upl):wind_temp_at_15
3197,LOS_C/ICD(LOS_C/ICD Upl):wind_temp_at_16
3198,LOS_C/ICD(LOS_C/ICD Upl):wind_temp_at_17
3199,LOS_C/ICD(LOS_C/ICD Upl):wind_temp_at_18
3200,LOS_C/ICD(LOS_C/ICD Upl):wind_temp_at_19
3201,LOS_C/ICD(LOS_C/ICD Upl):wind_temp_at_20
3202,LOS_C/ICD(LOS_C/ICD Upl):wind_temp_at_21
9902,LOS_U/ICD(LOS_U/ICD Upl):wind_temp_at_15
9903,LOS_U/ICD(LOS_U/ICD Upl):wind_temp_at_16
9904,LOS_U/ICD(LOS_U/ICD Upl):wind_temp_at_17
9905,LOS_U/ICD(LOS_U/ICD Upl):wind_temp_at_18
9906,LOS_U/ICD(LOS_U/ICD Upl):wind_temp_at_19
9907,LOS_U/ICD(LOS_U/ICD Upl):wind_temp_at_20
9908,LOS_U/ICD(LOS_U/ICD Upl):wind_temp_at_21
16608,SAT/ICD(SAT/ICD Upl):wind_temp_at_15
16609,SAT/ICD(SAT/ICD Upl):wind_temp_at_16
16610,SAT/ICD(SAT/ICD Upl):wind_temp_at_17
16611,SAT/ICD(SAT/ICD Upl):wind_temp_at_18
16612,SAT/ICD(SAT/ICD Upl):wind_temp_at_19
16613,SAT/ICD(SAT/ICD Upl):wind_temp_at_20
16614,SAT/ICD(SAT/ICD Upl):wind_temp_at_21
3159,LOS_C/ICD(LOS_C/ICD Upl):wind_dir_tab_0
3160,LOS_C/ICD(LOS_C/ICD Upl):wind_dir_tab_1
3161,LOS_C/ICD(LOS_C/ICD Upl):wind_dir_tab_10
3162,LOS_C/ICD(LOS_C/ICD Upl):wind_dir_tab_11
3163,LOS_C/ICD(LOS_C/ICD Upl):wind_dir_tab_12
3164,LOS_C/ICD(LOS_C/ICD Upl):wind_dir_tab_13
3165,LOS_C/ICD(LOS_C/ICD Upl):wind_dir_tab_14
3166,LOS_C/ICD(LOS_C/ICD Upl):wind_dir_tab_15
3167,LOS_C/ICD(LOS_C/ICD Upl):wind_dir_tab_16
3168,LOS_C/ICD(LOS_C/ICD Upl):wind_dir_tab_17
3169,LOS_C/ICD(LOS_C/ICD Upl):wind_dir_tab_18
3170,LOS_C/ICD(LOS_C/ICD Upl):wind_dir_tab_19
3171,LOS_C/ICD(LOS_C/ICD Upl):wind_dir_tab_2
3172,LOS_C/ICD(LOS_C/ICD Upl):wind_dir_tab_20
3173,LOS_C/ICD(LOS_C/ICD Upl):wind_dir_tab_21
3174,LOS_C/ICD(LOS_C/ICD Upl):wind_dir_tab_22
3175,LOS_C/ICD(LOS_C/ICD Upl):wind_dir_tab_23
3176,LOS_C/ICD(LOS_C/ICD Upl):wind_dir_tab_24
3177,LOS_C/ICD(LOS_C/ICD Upl):wind_dir_tab_25
3178,LOS_C/ICD(LOS_C/ICD Upl):wind_dir_tab_26
3179,LOS_C/ICD(LOS_C/ICD Upl):wind_dir_tab_27
3180,LOS_C/ICD(LOS_C/ICD Upl):wind_dir_tab_28
3181,LOS_C/ICD(LOS_C/ICD Upl):wind_dir_tab_29
3182,LOS_C/ICD(LOS_C/ICD Upl):wind_dir_tab_3
3183,LOS_C/ICD(LOS_C/ICD Upl):wind_dir_tab_30
3184,LOS_C/ICD(LOS_C/ICD Upl):wind_dir_tab_31
3185,LOS_C/ICD(LOS_C/ICD Upl):wind_dir_tab_32
3186,LOS_C/ICD(LOS_C/ICD Upl):wind_dir_tab_33
3187,LOS_C/ICD(LOS_C/ICD Upl):wind_dir_tab_34
3188,LOS_C/ICD(LOS_C/ICD Upl):wind_dir_tab_35
3189,LOS_C/ICD(LOS_C/ICD Upl):wind_dir_tab_36
3190,LOS_C/ICD(LOS_C/ICD Upl):wind_dir_tab_4
3191,LOS_C/ICD(LOS_C/ICD Upl):wind_dir_tab_5
3192,LOS_C/ICD(LOS_C/ICD Upl):wind_dir_tab_6
3193,LOS_C/ICD(LOS_C/ICD Upl):wind_dir_tab_7
3194,LOS_C/ICD(LOS_C/ICD Upl):wind_dir_tab_8
3195,LOS_C/ICD(LOS_C/ICD Upl):wind_dir_tab_9
3203,LOS_C/ICD(LOS_C/ICD Upl):wind_dir_at_15
3204,LOS_C/ICD(LOS_C/ICD Upl):wind_dir_at_16
3205,LOS_C/ICD(LOS_C/ICD Upl):wind_dir_at_17
3206,LOS_C/ICD(LOS_C/ICD Upl):wind_dir_at_18
3207,LOS_C/ICD(LOS_C/ICD Upl):wind_dir_at_19
3208,LOS_C/ICD(LOS_C/ICD Upl):wind_dir_at_20
3209,LOS_C/ICD(LOS_C/ICD Upl):wind_dir_at_21
4116,LOS_C/ICD(LOS_C/ICD Dnl):wind_dir_17_rpt
4117,LOS_C/ICD(LOS_C/ICD Dnl):wind_dir_18_rpt
4118,LOS_C/ICD(LOS_C/ICD Dnl):wind_dir_19_rpt
4119,LOS_C/ICD(LOS_C/ICD Dnl):wind_dir_2_rpt
4120,LOS_C/ICD(LOS_C/ICD Dnl):wind_dir_3_rpt
4121,LOS_C/ICD(LOS_C/ICD Dnl):wind_dir_4_rpt
4122,LOS_C/ICD(LOS_C/ICD Dnl):wind_dir_5_rpt
4123,LOS_C/ICD(LOS_C/ICD Dnl):wind_dir_6_rpt
4124,LOS_C/ICD(LOS_C/ICD Dnl):wind_dir_7_rpt
4125,LOS_C/ICD(LOS_C/ICD Dnl):wind_dir_8_rpt
4126,LOS_C/ICD(LOS_C/ICD Dnl):wind_dir_9_rpt
4127,LOS_C/ICD(LOS_C/ICD Dnl):wind_dir_10_rpt
4128,LOS_C/ICD(LOS_C/ICD Dnl):wind_dir_11_rpt
4129,LOS_C/ICD(LOS_C/ICD Dnl):wind_dir_12_rpt
4130,LOS_C/ICD(LOS_C/ICD Dnl):wind_dir_13_rpt
4131,LOS_C/ICD(LOS_C/ICD Dnl):wind_dir_14_rpt
4132,LOS_C/ICD(LOS_C/ICD Dnl):wind_dir_15_rpt
4133,LOS_C/ICD(LOS_C/ICD Dnl):wind_dir_16_rpt
4134,LOS_C/ICD(LOS_C/ICD Dnl):wind_direction_rpt
4135,LOS_C/ICD(LOS_C/ICD Dnl):wind_dir_20_rpt
4136,LOS_C/ICD(LOS_C/ICD Dnl):wind_dir_21_rpt
9865,LOS_U/ICD(LOS_U/ICD Upl):wind_dir_tab_0
9866,LOS_U/ICD(LOS_U/ICD Upl):wind_dir_tab_1
9867,LOS_U/ICD(LOS_U/ICD Upl):wind_dir_tab_10
9868,LOS_U/ICD(LOS_U/ICD Upl):wind_dir_tab_11
9869,LOS_U/ICD(LOS_U/ICD Upl):wind_dir_tab_12
9870,LOS_U/ICD(LOS_U/ICD Upl):wind_dir_tab_13
9871,LOS_U/ICD(LOS_U/ICD Upl):wind_dir_tab_14
9872,LOS_U/ICD(LOS_U/ICD Upl):wind_dir_tab_15
9873,LOS_U/ICD(LOS_U/ICD Upl):wind_dir_tab_16
9874,LOS_U/ICD(LOS_U/ICD Upl):wind_dir_tab_17
9875,LOS_U/ICD(LOS_U/ICD Upl):wind_dir_tab_18
9876,LOS_U/ICD(LOS_U/ICD Upl):wind_dir_tab_19
9877,LOS_U/ICD(LOS_U/ICD Upl):wind_dir_tab_2
9878,LOS_U/ICD(LOS_U/ICD Upl):wind_dir_tab_20
9879,LOS_U/ICD(LOS_U/ICD Upl):wind_dir_tab_21
9880,LOS_U/ICD(LOS_U/ICD Upl):wind_dir_tab_22
9881,LOS_U/ICD(LOS_U/ICD Upl):wind_dir_tab_23
9882,LOS_U/ICD(LOS_U/ICD Upl):wind_dir_tab_24
9883,LOS_U/ICD(LOS_U/ICD Upl):wind_dir_tab_25
9884,LOS_U/ICD(LOS_U/ICD Upl):wind_dir_tab_26
9885,LOS_U/ICD(LOS_U/ICD Upl):wind_dir_tab_27
9886,LOS_U/ICD(LOS_U/ICD Upl):wind_dir_tab_28
9887,LOS_U/ICD(LOS_U/ICD Upl):wind_dir_tab_29
9888,LOS_U/ICD(LOS_U/ICD Upl):wind_dir_tab_3
9889,LOS_U/ICD(LOS_U/ICD Upl):wind_dir_tab_30
9890,LOS_U/ICD(LOS_U/ICD Upl):wind_dir_tab_31
9891,LOS_U/ICD(LOS_U/ICD Upl):wind_dir_tab_32
9892,LOS_U/ICD(LOS_U/ICD Upl):wind_dir_tab_33
9893,LOS_U/ICD(LOS_U/ICD Upl):wind_dir_tab_34
9894,LOS_U/ICD(LOS_U/ICD Upl):wind_dir_tab_35
9895,LOS_U/ICD(LOS_U/ICD Upl):wind_dir_tab_36
9896,LOS_U/ICD(LOS_U/ICD Upl):wind_dir_tab_4
9897,LOS_U/ICD(LOS_U/ICD Upl):wind_dir_tab_5
9898,LOS_U/ICD(LOS_U/ICD Upl):wind_dir_tab_6
9899,LOS_U/ICD(LOS_U/ICD Upl):wind_dir_tab_7
9900,LOS_U/ICD(LOS_U/ICD Upl):wind_dir_tab_8
9901,LOS_U/ICD(LOS_U/ICD Upl):wind_dir_tab_9
9909,LOS_U/ICD(LOS_U/ICD Upl):wind_dir_at_15
9910,LOS_U/ICD(LOS_U/ICD Upl):wind_dir_at_16
9911,LOS_U/ICD(LOS_U/ICD Upl):wind_dir_at_17
9912,LOS_U/ICD(LOS_U/ICD Upl):wind_dir_at_18
9913,LOS_U/ICD(LOS_U/ICD Upl):wind_dir_at_19
9914,LOS_U/ICD(LOS_U/ICD Upl):wind_dir_at_20
9915,LOS_U/ICD(LOS_U/ICD Upl):wind_dir_at_21
16571,SAT/ICD(SAT/ICD Upl):wind_dir_tab_0
16572,SAT/ICD(SAT/ICD Upl):wind_dir_tab_1
16573,SAT/ICD(SAT/ICD Upl):wind_dir_tab_10
16574,SAT/ICD(SAT/ICD Upl):wind_dir_tab_11
16575,SAT/ICD(SAT/ICD Upl):wind_dir_tab_12
16576,SAT/ICD(SAT/ICD Upl):wind_dir_tab_13
16577,SAT/ICD(SAT/ICD Upl):wind_dir_tab_14
16578,SAT/ICD(SAT/ICD Upl):wind_dir_tab_15
16579,SAT/ICD(SAT/ICD Upl):wind_dir_tab_16
16580,SAT/ICD(SAT/ICD Upl):wind_dir_tab_17
16581,SAT/ICD(SAT/ICD Upl):wind_dir_tab_18
16582,SAT/ICD(SAT/ICD Upl):wind_dir_tab_19
16583,SAT/ICD(SAT/ICD Upl):wind_dir_tab_2
16584,SAT/ICD(SAT/ICD Upl):wind_dir_tab_20
16585,SAT/ICD(SAT/ICD Upl):wind_dir_tab_21
16586,SAT/ICD(SAT/ICD Upl):wind_dir_tab_22
16587,SAT/ICD(SAT/ICD Upl):wind_dir_tab_23
16588,SAT/ICD(SAT/ICD Upl):wind_dir_tab_24
16589,SAT/ICD(SAT/ICD Upl):wind_dir_tab_25
16590,SAT/ICD(SAT/ICD Upl):wind_dir_tab_26
16591,SAT/ICD(SAT/ICD Upl):wind_dir_tab_27
16592,SAT/ICD(SAT/ICD Upl):wind_dir_tab_28
16593,SAT/ICD(SAT/ICD Upl):wind_dir_tab_29
16594,SAT/ICD(SAT/ICD Upl):wind_dir_tab_3
16595,SAT/ICD(SAT/ICD Upl):wind_dir_tab_30
16596,SAT/ICD(SAT/ICD Upl):wind_dir_tab_31
16597,SAT/ICD(SAT/ICD Upl):wind_dir_tab_32
16598,SAT/ICD(SAT/ICD Upl):wind_dir_tab_33
16599,SAT/ICD(SAT/ICD Upl):wind_dir_tab_34
16600,SAT/ICD(SAT/ICD Upl):wind_dir_tab_35
16601,SAT/ICD(SAT/ICD Upl):wind_dir_tab_36
16602,SAT/ICD(SAT/ICD Upl):wind_dir_tab_4
16603,SAT/ICD(SAT/ICD Upl):wind_dir_tab_5
16604,SAT/ICD(SAT/ICD Upl):wind_dir_tab_6
16605,SAT/ICD(SAT/ICD Upl):wind_dir_tab_7
16606,SAT/ICD(SAT/ICD Upl):wind_dir_tab_8
16607,SAT/ICD(SAT/ICD Upl):wind_dir_tab_9
16615,SAT/ICD(SAT/ICD Upl):wind_dir_at_15
16616,SAT/ICD(SAT/ICD Upl):wind_dir_at_16
16617,SAT/ICD(SAT/ICD Upl):wind_dir_at_17
16618,SAT/ICD(SAT/ICD Upl):wind_dir_at_18
16619,SAT/ICD(SAT/ICD Upl):wind_dir_at_19
16620,SAT/ICD(SAT/ICD Upl):wind_dir_at_20
16621,SAT/ICD(SAT/ICD Upl):wind_dir_at_21
17528,SAT/ICD(SAT/ICD Dnl):wind_dir_17_rpt
17529,SAT/ICD(SAT/ICD Dnl):wind_dir_18_rpt
17530,SAT/ICD(SAT/ICD Dnl):wind_dir_19_rpt
17531,SAT/ICD(SAT/ICD Dnl):wind_dir_2_rpt
17532,SAT/ICD(SAT/ICD Dnl):wind_dir_3_rpt
17533,SAT/ICD(SAT/ICD Dnl):wind_dir_4_rpt
17534,SAT/ICD(SAT/ICD Dnl):wind_dir_5_rpt
17535,SAT/ICD(SAT/ICD Dnl):wind_dir_6_rpt
17536,SAT/ICD(SAT/ICD Dnl):wind_dir_7_rpt
17537,SAT/ICD(SAT/ICD Dnl):wind_dir_8_rpt
17538,SAT/ICD(SAT/ICD Dnl):wind_dir_9_rpt
17539,SAT/ICD(SAT/ICD Dnl):wind_dir_10_rpt
17540,SAT/ICD(SAT/ICD Dnl):wind_dir_11_rpt
17541,SAT/ICD(SAT/ICD Dnl):wind_dir_12_rpt
17542,SAT/ICD(SAT/ICD Dnl):wind_dir_13_rpt
17543,SAT/ICD(SAT/ICD Dnl):wind_dir_14_rpt
17544,SAT/ICD(SAT/ICD Dnl):wind_dir_15_rpt
17545,SAT/ICD(SAT/ICD Dnl):wind_dir_16_rpt
17546,SAT/ICD(SAT/ICD Dnl):wind_direction_rpt
17547,SAT/ICD(SAT/ICD Dnl):wind_dir_20_rpt
17548,SAT/ICD(SAT/ICD Dnl):wind_dir_21_rpt
